INSERT INTO authors (author_id, first_name, last_name, create_date)
VALUES (1, 'Lev', 'Tolstoi', '2001-01-27 12:12:00.220225');
INSERT INTO authors (author_id, first_name, last_name, create_date)
VALUES (2, 'Nick', 'Perumov', '2003-01-27 12:12:00.220225');
INSERT INTO authors (author_id, first_name, last_name, create_date)
VALUES (3, 'Serhii', 'Lukianenko', '2012-01-27 12:12:00.220225');
INSERT INTO authors (author_id, first_name, last_name, create_date)
VALUES (4, 'John', 'Tolkien', '2007-01-27 12:12:00.220225');
INSERT INTO authors (author_id, first_name, last_name, create_date)
VALUES (5, 'Douglas', 'Adams', '2011-01-27 12:12:00.220225');
INSERT INTO authors (author_id, first_name, last_name, create_date)
VALUES (6, 'George', 'R. R. Martin', '2020-01-27 12:12:00.220225');
INSERT INTO authors (author_id, first_name, last_name, create_date)
VALUES (7, 'Patrick', 'Rothfuss', '2021-01-23 16:12:00.220225');
INSERT INTO authors (author_id, first_name, last_name, create_date)
VALUES (8, 'Arkadii', 'Strugatskii', '2020-11-23 11:12:00.220225');
INSERT INTO authors (author_id, first_name, last_name, create_date)
VALUES (9, 'Boris', 'Strugatskii', '2020-02-23 12:12:00.220225');
INSERT INTO authors (author_id, first_name, last_name, create_date)
VALUES (10, 'Brandon', 'Sanderson', '2019-01-22 16:12:00.220225');
INSERT INTO authors (author_id, first_name, last_name, create_date)
VALUES (11, 'Robert', 'Jordan', '2014-05-23 11:12:00.220225');
INSERT INTO authors (author_id, first_name, last_name, create_date)
VALUES (12, 'Jules', 'Verne', '2021-10-23 17:12:00.220225');
INSERT INTO authors (author_id, first_name, last_name, create_date)
VALUES (13, 'Andrzej', 'Sapkowski', '2020-01-13 18:12:00.220225');
INSERT INTO authors (author_id, first_name, last_name, create_date)
VALUES (14, 'Joan', 'K. Rowling', '2020-11-03 16:12:00.220225');
INSERT INTO authors (author_id, first_name, last_name, create_date)
VALUES (15, 'Frank', 'Herbert', '2011-11-13 16:12:00.220225');
INSERT INTO authors (author_id, first_name, last_name, create_date)
VALUES (16, 'Bill', 'Ransome', '2020-01-13 06:12:00.220225');
INSERT INTO authors (author_id, first_name, last_name, create_date)
VALUES (17, 'Ray', 'Bradbury', '2015-01-03 01:12:00.220225');
INSERT INTO authors (author_id, first_name, last_name, create_date)
VALUES (18, 'Terry', 'Pratchett', '2020-09-23 23:12:00.220225');
INSERT INTO authors (author_id, first_name, last_name, create_date)
VALUES (19, 'Roger', 'Zelazny', '2020-08-03 11:12:00.220225');
INSERT INTO authors (author_id, first_name, last_name, create_date)
VALUES (20, 'Ed', 'Greenwood', '2010-12-13 21:12:00.220225');
INSERT INTO authors (author_id, first_name, last_name, create_date)
VALUES (21, 'Isaac', 'Asimov', '2020-04-23 10:12:00.220225');
INSERT INTO authors (author_id, first_name, last_name, create_date)
VALUES (22, 'Robert', 'Sheckley', '2020-12-29 06:12:00.220225');
INSERT INTO authors (author_id, first_name, last_name, create_date)
VALUES (23, 'Макс', 'Фрай', '2013-01-23 11:12:00.220225');
INSERT INTO authors (author_id, first_name, last_name, create_date)
VALUES (24, 'Tom', 'Shippey', '2020-11-13 19:15:00.220225');
INSERT INTO authors (author_id, first_name, last_name, create_date)
VALUES (25, 'Harry', 'Harrison', '2020-01-20 16:59:00.220225');
INSERT INTO authors (author_id, first_name, last_name, create_date)
VALUES (26, 'Guy Gavriel', 'Kay', '2020-12-31 16:12:00.220225');
INSERT INTO authors (author_id, first_name, last_name, create_date)
VALUES (27, 'Юлий', 'Буркин', '2009-01-23 16:12:00.220225');
INSERT INTO authors (author_id, first_name, last_name, create_date)
VALUES (28, 'Станислав', 'Буркин', '2016-01-23 16:55:00.220225');

INSERT INTO books (book_id, name, year_published, isbn, publisher, create_date)
VALUES (1, 'Voina i mir', 1867, 9780192833983, 'Oxford World''s Classics', '2015-01-23 16:55:00.220225');
INSERT INTO books (book_id, name, year_published, isbn, publisher, create_date)
VALUES (2, 'Ne vremia dlia drakonov', 1997, 9785040046529, 'Eksmo', '2010-01-23 16:55:00.220225');
INSERT INTO books (book_id, name, year_published, isbn, publisher, create_date)
VALUES (3, 'The Lord of the Rings', 1955, 9789666610728, 'George Allen & Unwin', '2004-01-23 16:55:00.220225');
INSERT INTO books (book_id, name, year_published, isbn, publisher, create_date)
VALUES (4, 'The Hitchhikers Guide to the Galaxy', 1979, 9780330258648, 'Pan Books', '2009-01-23 16:55:00.220225');
INSERT INTO books (book_id, name, year_published, isbn, publisher, create_date)
VALUES (5, 'A Game of Thrones', 1996, 9780007441426, 'Harper Voyager', '2011-01-23 16:55:00.220225');
INSERT INTO books (book_id, name, year_published, isbn, publisher, create_date)
VALUES (6, 'The Name of the Wind', 2007, 9780756404079, 'DAW Books', '2007-01-23 16:55:00.220225');
INSERT INTO books (book_id, name, year_published, isbn, publisher, create_date)
VALUES (7, 'Monday Starts on Saturday', 1965, 9781613739235, 'Chicago Review Press', '2017-01-23 16:55:00.220225');
INSERT INTO books (book_id, name, year_published, isbn, publisher, create_date)
VALUES (8, 'Hard to be a God', 1964, 9781613748282, 'Chicago Review Press', '2014-01-13 16:55:00.220225');
INSERT INTO books (book_id, name, year_published, isbn, publisher, create_date)
VALUES (9, 'The Gathering Storm', 2009, 9780765302304, 'Tor Books', '2009-11-13 16:55:00.220225');
INSERT INTO books (book_id, name, year_published, isbn, publisher, create_date)
VALUES (10, 'Legion', 2012, 9781596064850, 'Tor Books', '2012-12-20 11:55:00.220000');
INSERT INTO books (book_id, name, year_published, isbn, publisher, create_date)
VALUES (11, 'The Dragon Reborn', 1991, 9780765334350, 'Tor Books', '2012-11-11 11:55:00.220000');
INSERT INTO books (book_id, name, year_published, isbn, publisher, create_date)
VALUES (12, 'Lord of Chaos', 1994, 9781250251978, 'Tor Fantasy', '2019-01-11 23:55:00.220000');
INSERT INTO books (book_id, name, year_published, isbn, publisher, create_date)
VALUES (13, 'Journey to the Center of the Earth', 1864, 9780486822495, 'Dover Publications', '2018-07-21 22:55:00.220000');
INSERT INTO books (book_id, name, year_published, isbn, publisher, create_date)
VALUES (14, 'Around the World in Eighty Days', 1872, 9780008313807, 'Collins', '2019-07-21 22:55:00.220235');
INSERT INTO books (book_id, name, year_published, isbn, publisher, create_date)
VALUES (15, 'The Final Circle of Paradise', 1872, 9780879972646, 'DAW Books', '2010-09-30 02:55:00.220235');
INSERT INTO books (book_id, name, year_published, isbn, publisher, create_date)
VALUES (16, 'Witcher: Sword of Destiny', 1992, 9785170928569, 'ACT', '2015-09-30 02:55:00.220235');
INSERT INTO books (book_id, name, year_published, isbn, publisher, create_date)
VALUES (17, 'Harry Potter and the Chamber of Secrets', 1998, 9780747562184, 'Bloomsbury', '2002-03-21 12:55:00.220235');
INSERT INTO books (book_id, name, year_published, isbn, publisher, create_date)
VALUES (18, 'Harry Potter and the Order of the Phoenix', 2003, 9780545582971, 'Scholastic', '2013-12-11 22:55:00.220235');
INSERT INTO books (book_id, name, year_published, isbn, publisher, create_date)
VALUES (19, 'Dune', 1965, 9780425266540, 'Ace Books', '2013-02-11 12:55:00.220235');
INSERT INTO books (book_id, name, year_published, isbn, publisher, create_date)
VALUES (20, 'Dune Messiah', 1969, 9780425029527, 'Berkley Medallion Books', '1975-02-11 12:55:00.220235');
INSERT INTO books (book_id, name, year_published, isbn, publisher, create_date)
VALUES (21, 'The Lazarus Effect', 1983, 9780425071294, 'Berkley Books', '1984-02-11 12:55:00.220235');
INSERT INTO books (book_id, name, year_published, isbn, publisher, create_date)
VALUES (22, 'Dandelion Wine', 1957, 9785811229635, 'Iris Press', '2009-02-11 12:55:00.220235');
INSERT INTO books (book_id, name, year_published, isbn, publisher, create_date)
VALUES (23, 'Summer morning, summer night', 2007, 9785699912315, 'E', '2016-03-13 12:55:00.220235');
INSERT INTO books (book_id, name, year_published, isbn, publisher, create_date)
VALUES (24, 'The Colour of Magic', 1983, 9780312150846, 'St Martin`s Press', '1983-06-13 12:55:00.220235');
INSERT INTO books (book_id, name, year_published, isbn, publisher, create_date)
VALUES (25, 'The Light Fantastic', 1986, 9780062225689, 'Harper', '2013-07-19 12:55:00.220235');
INSERT INTO books (book_id, name, year_published, isbn, publisher, create_date)
VALUES (26, 'Chronicles of Amber', 1970, 9780839824275, 'Gregg Press', '1979-09-19 12:55:00.220235');
INSERT INTO books (book_id, name, year_published, isbn, publisher, create_date)
VALUES (27, 'Nine Princes in Amber', 2009, 9781886778818, 'NESFA Press', '2009-11-19 22:55:00.220235');
INSERT INTO books (book_id, name, year_published, isbn, publisher, create_date)
VALUES (28, 'The Caves of Steel', 1953, 9785992504927, 'KARO', '2010-01-19 22:55:00.220235');
INSERT INTO books (book_id, name, year_published, isbn, publisher, create_date)
VALUES (29, 'I, Robot', 1947, 9780007491513, 'Harper Voyager', '2010-01-19 22:55:00.220235');
INSERT INTO books (book_id, name, year_published, isbn, publisher, create_date)
VALUES (30, 'Bring me the head of beautiful prince', 1991, 9785699712687, 'Eksmo', '2014-01-19 22:55:00.220235');
INSERT INTO books (book_id, name, year_published, isbn, publisher, create_date)
VALUES (31, 'If at Faust you do not successed', 1993, 9785699730186, 'Eksmo', '2014-11-29 12:25:00.220235');
INSERT INTO books (book_id, name, year_published, isbn, publisher, create_date)
VALUES (32, 'Dimension of Miracles', 1968, 9785389180475, 'Azbuka', '2020-11-29 12:25:00.220235');
INSERT INTO books (book_id, name, year_published, isbn, publisher, create_date)
VALUES (33, 'Мой Рагнарек', 1968, 9785367016260, 'Amphora', '2010-08-04 19:25:00.220235');
INSERT INTO books (book_id, name, year_published, isbn, publisher, create_date)
VALUES (34, 'Чуб Земли', 2004, 9785170988099, 'ACT', '2016-05-14 19:25:00.220235');
INSERT INTO books (book_id, name, year_published, isbn, publisher, create_date)
VALUES (35, 'Тяжелый свет Куртейна. Зеленый. Том 1', 2020, 9785171207410, 'ACT', '2020-05-14 09:25:00.220235');
INSERT INTO books (book_id, name, year_published, isbn, publisher, create_date)
VALUES (36, 'Тяжелый свет Куртейна. Зеленый. Том 2', 2020, 9785171347178, 'ACT', '2020-12-19 09:25:00.220235');
INSERT INTO books (book_id, name, year_published, isbn, publisher, create_date)
VALUES (37, 'The Hammer and the Cross', 1993, 9785389088269, 'Azbuka', '2015-12-11 19:25:00.220235');
INSERT INTO books (book_id, name, year_published, isbn, publisher, create_date)
VALUES (38, 'One King s Way', 1994, 9785389100916, 'Azbuka', '2015-12-29 19:55:00.220235');
INSERT INTO books (book_id, name, year_published, isbn, publisher, create_date)
VALUES (39, 'The Road to Middle-Earth', 1982, 9780048090182, 'George Allen & Unwin', '2000-12-29 19:55:00.220235');
INSERT INTO books (book_id, name, year_published, isbn, publisher, create_date)
VALUES (40, 'A Stainless Steel Rat is Born', 1985, 9785699405817, 'Eksmo', '2010-07-14 02:23:00.220235');
INSERT INTO books (book_id, name, year_published, isbn, publisher, create_date)
VALUES (41, 'Bill, the Galactic Hero', 1965, 9780380003952, 'Equinox', '1975-07-14 02:23:00.220235');
INSERT INTO books (book_id, name, year_published, isbn, publisher, create_date)
VALUES (42, 'West of Eden', 1984, 9780586057810, 'Panther Books', '1985-09-16 22:43:00.220235');
INSERT INTO books (book_id, name, year_published, isbn, publisher, create_date)
VALUES (43, 'The Lions of Al-Rassan', 1995, 9780143194064, 'Penguin Canada', '2017-10-26 22:43:00.220235');
INSERT INTO books (book_id, name, year_published, isbn, publisher, create_date)
VALUES (44, 'Lord of Emperors', 2000, 9785699086382, 'Eksmo', '2004-11-06 22:43:00.220235');
INSERT INTO books (book_id, name, year_published, isbn, publisher, create_date)
VALUES (45, 'River of Stars', 2013, 9780451464972, 'Roc', '2013-01-07 22:43:00.220235');
INSERT INTO books (book_id, name, year_published, isbn, publisher, create_date)
VALUES (46, 'Остров Русь', 1997, 9785170577163, 'ACT', '2009-08-17 21:43:00.220235');
INSERT INTO books (book_id, name, year_published, isbn, publisher, create_date)
VALUES (47, 'Русалка и зелёная ночь', 2011, 9785429000091, 'Ekslibris', '2011-08-17 21:43:00.220235');

INSERT INTO authors_books (author_id, book_id)
VALUES (1, 1);
INSERT INTO authors_books (author_id, book_id)
VALUES (2, 2);
INSERT INTO authors_books (author_id, book_id)
VALUES (3, 2);
INSERT INTO authors_books (author_id, book_id)
VALUES (4, 3);
INSERT INTO authors_books (author_id, book_id)
VALUES (5, 4);
INSERT INTO authors_books (author_id, book_id)
VALUES (6, 5);
INSERT INTO authors_books (author_id, book_id)
VALUES (7, 6);
INSERT INTO authors_books (author_id, book_id)
VALUES (8, 7);
INSERT INTO authors_books (author_id, book_id)
VALUES (9, 7);
INSERT INTO authors_books (author_id, book_id)
VALUES (8, 8);
INSERT INTO authors_books (author_id, book_id)
VALUES (9, 8);
INSERT INTO authors_books (author_id, book_id)
VALUES (10, 9);
INSERT INTO authors_books (author_id, book_id)
VALUES (11, 9);
INSERT INTO authors_books (author_id, book_id)
VALUES (10, 10);
INSERT INTO authors_books (author_id, book_id)
VALUES (11, 11);
INSERT INTO authors_books (author_id, book_id)
VALUES (11, 12);
INSERT INTO authors_books (author_id, book_id)
VALUES (12, 13);
INSERT INTO authors_books (author_id, book_id)
VALUES (12, 14);
INSERT INTO authors_books (author_id, book_id)
VALUES (8, 15);
INSERT INTO authors_books (author_id, book_id)
VALUES (9, 15);
INSERT INTO authors_books (author_id, book_id)
VALUES (13, 16);
INSERT INTO authors_books (author_id, book_id)
VALUES (14, 17);
INSERT INTO authors_books (author_id, book_id)
VALUES (14, 18);
INSERT INTO authors_books (author_id, book_id)
VALUES (15, 19);
INSERT INTO authors_books (author_id, book_id)
VALUES (15, 20);
INSERT INTO authors_books (author_id, book_id)
VALUES (15, 21);
INSERT INTO authors_books (author_id, book_id)
VALUES (16, 21);
INSERT INTO authors_books (author_id, book_id)
VALUES (17, 22);
INSERT INTO authors_books (author_id, book_id)
VALUES (17, 23);
INSERT INTO authors_books (author_id, book_id)
VALUES (18, 24);
INSERT INTO authors_books (author_id, book_id)
VALUES (18, 25);
INSERT INTO authors_books (author_id, book_id)
VALUES (19, 26);
INSERT INTO authors_books (author_id, book_id)
VALUES (19, 27);
INSERT INTO authors_books (author_id, book_id)
VALUES (20, 27);
INSERT INTO authors_books (author_id, book_id)
VALUES (21, 28);
INSERT INTO authors_books (author_id, book_id)
VALUES (21, 29);
INSERT INTO authors_books (author_id, book_id)
VALUES (22, 30);
INSERT INTO authors_books (author_id, book_id)
VALUES (19, 30);
INSERT INTO authors_books (author_id, book_id)
VALUES (22, 31);
INSERT INTO authors_books (author_id, book_id)
VALUES (19, 31);
INSERT INTO authors_books (author_id, book_id)
VALUES (22, 32);
INSERT INTO authors_books (author_id, book_id)
VALUES (23, 33);
INSERT INTO authors_books (author_id, book_id)
VALUES (23, 34);
INSERT INTO authors_books (author_id, book_id)
VALUES (23, 35);
INSERT INTO authors_books (author_id, book_id)
VALUES (23, 36);
INSERT INTO authors_books (author_id, book_id)
VALUES (24, 37);
INSERT INTO authors_books (author_id, book_id)
VALUES (25, 37);
INSERT INTO authors_books (author_id, book_id)
VALUES (24, 38);
INSERT INTO authors_books (author_id, book_id)
VALUES (25, 38);
INSERT INTO authors_books (author_id, book_id)
VALUES (24, 39);
INSERT INTO authors_books (author_id, book_id)
VALUES (24, 40);
INSERT INTO authors_books (author_id, book_id)
VALUES (25, 41);
INSERT INTO authors_books (author_id, book_id)
VALUES (25, 42);
INSERT INTO authors_books (author_id, book_id)
VALUES (26, 43);
INSERT INTO authors_books (author_id, book_id)
VALUES (26, 44);
INSERT INTO authors_books (author_id, book_id)
VALUES (26, 45);
INSERT INTO authors_books (author_id, book_id)
VALUES (27, 46);
INSERT INTO authors_books (author_id, book_id)
VALUES (3, 46);
INSERT INTO authors_books (author_id, book_id)
VALUES (27, 47);
INSERT INTO authors_books (author_id, book_id)
VALUES (28, 47);

INSERT INTO reviews (commenter_name, comment, rating, book_id)
VALUES ('Petro Oneko', 'Very important comment with good rating', 5, 1);
INSERT INTO reviews (commenter_name, comment, rating, book_id)
VALUES ('Ivan Twoko', 'Very important comment with good rating', 4, 1);
INSERT INTO reviews (commenter_name, comment, rating, book_id)
VALUES ('Taras Threeko', 'Very important comment with good rating', 3, 1);
INSERT INTO reviews (commenter_name, comment, rating, book_id)
VALUES ('Bohdan Fourko', 'Very important comment with good rating', 5, 1);

INSERT INTO reviews (commenter_name, comment, rating, book_id)
VALUES ('Petro Oneko', 'Very important comment with good rating', 5, 2);
INSERT INTO reviews (commenter_name, comment, rating, book_id)
VALUES ('Ivan Twok', 'Very important comment with good rating', 3, 2);
INSERT INTO reviews (commenter_name, comment, rating, book_id)
VALUES ('Taras Threeko', 'Very important comment with good rating', 3, 2);
INSERT INTO reviews (commenter_name, comment, rating, book_id)
VALUES ('Bohdan Fourko', 'Very important comment with good rating', 2, 2);

INSERT INTO reviews (commenter_name, comment, rating, book_id)
VALUES ('Petro Oneko', 'Very important comment with good rating', 5, 3);
INSERT INTO reviews (commenter_name, comment, rating, book_id)
VALUES ('Ivan Twok', 'Very important comment with good rating', 5, 3);
INSERT INTO reviews (commenter_name, comment, rating, book_id)
VALUES ('Taras Threeko', 'Very important comment with good rating', 4,3);
INSERT INTO reviews (commenter_name, comment, rating, book_id)
VALUES ('Bohdan Fourko', 'Very important comment with good rating', 4, 3);

INSERT INTO reviews (commenter_name, comment, rating, book_id)
VALUES ('Petro Oneko', 'Very important comment with good rating', 3, 4);
INSERT INTO reviews (commenter_name, comment, rating, book_id)
VALUES ('Ivan Twok', 'Very important comment with good rating', 3, 4);
INSERT INTO reviews (commenter_name, comment, rating, book_id)
VALUES ('Taras Threeko', 'Very important comment with good rating', 3, 4);
INSERT INTO reviews (commenter_name, comment, rating, book_id)
VALUES ('Bohdan Fourko', 'Very important comment with good rating', 2, 4);

INSERT INTO reviews (commenter_name, comment, rating, book_id)
VALUES ('Petro Oneko', 'Very important comment with good rating', 5, 5);
INSERT INTO reviews (commenter_name, comment, rating, book_id)
VALUES ('Ivan Twoko', 'Very important comment with good rating', 5, 5);
INSERT INTO reviews (commenter_name, comment, rating, book_id)
VALUES ('Taras Threeko', 'Very important comment with good rating', 3, 5);
INSERT INTO reviews (commenter_name, comment, rating, book_id)
VALUES ('Bohdan Fourko', 'Very important comment with good rating', 5, 5);

INSERT INTO reviews (commenter_name, comment, rating, book_id)
VALUES ('Petro Oneko', 'Very important comment with good rating', 5, 6);
INSERT INTO reviews (commenter_name, comment, rating, book_id)
VALUES ('Ivan Twoko', 'Very important comment with good rating', 4, 6);
INSERT INTO reviews (commenter_name, comment, rating, book_id)
VALUES ('Taras Threeko', 'Very important comment with good rating', 1, 6);

INSERT INTO reviews (commenter_name, comment, rating, book_id)
VALUES ('Ivan Twoko', 'Very important comment with good rating', 4, 7);
INSERT INTO reviews (commenter_name, comment, rating, book_id)
VALUES ('Taras Threeko', 'Very important comment with good rating', 5, 7);
INSERT INTO reviews (commenter_name, comment, rating, book_id)
VALUES ('Bohdan Fourko', 'Very important comment with good rating', 5, 7);

INSERT INTO reviews (commenter_name, comment, rating, book_id)
VALUES ('Petro Oneko', 'Very important comment with good rating', 5, 8);
INSERT INTO reviews (commenter_name, comment, rating, book_id)
VALUES ('Ivan Twoko', 'Very important comment with good rating', 1, 8);
INSERT INTO reviews (commenter_name, comment, rating, book_id)
VALUES ('Taras Threeko', 'Very important comment with good rating', 3, 8);
INSERT INTO reviews (commenter_name, comment, rating, book_id)
VALUES ('Bohdan Fourko', 'Very important comment with good rating', 4, 8);

INSERT INTO reviews (commenter_name, comment, rating, book_id)
VALUES ('Petro Oneko', 'Very important comment with good rating', 2, 9);
INSERT INTO reviews (commenter_name, comment, rating, book_id)
VALUES ('Ivan Twoko', 'Very important comment with good rating', 5, 9);
INSERT INTO reviews (commenter_name, comment, rating, book_id)
VALUES ('Taras Threeko', 'Very important comment with good rating', 1, 9);
INSERT INTO reviews (commenter_name, comment, rating, book_id)
VALUES ('Bohdan Fourko', 'Very important comment with good rating', 4, 9);

INSERT INTO reviews (commenter_name, comment, rating, book_id)
VALUES ('Petro Oneko', 'Very important comment with good rating', 5, 10);
INSERT INTO reviews (commenter_name, comment, rating, book_id)
VALUES ('Ivan Twoko', 'Very important comment with good rating', 4, 10);
INSERT INTO reviews (commenter_name, comment, rating, book_id)
VALUES ('Taras Threeko', 'Very important comment with good rating', 3, 10);
INSERT INTO reviews (commenter_name, comment, rating, book_id)
VALUES ('Bohdan Fourko', 'Very important comment with good rating', 5, 10);

INSERT INTO reviews (commenter_name, comment, rating, book_id)
VALUES ('Petro Oneko', 'Very important comment with good rating', 5, 11);
INSERT INTO reviews (commenter_name, comment, rating, book_id)
VALUES ('Ivan Twoko', 'Very important comment with good rating', 4, 11);
INSERT INTO reviews (commenter_name, comment, rating, book_id)
VALUES ('Taras Threeko', 'Very important comment with good rating', 3, 11);
INSERT INTO reviews (commenter_name, comment, rating, book_id)
VALUES ('Bohdan Fourko', 'Very important comment with good rating', 5, 11);

INSERT INTO reviews (commenter_name, comment, rating, book_id)
VALUES ('Petro Oneko', 'Very important comment with good rating', 5, 12);
INSERT INTO reviews (commenter_name, comment, rating, book_id)
VALUES ('Ivan Twoko', 'Very important comment with good rating', 4, 12);
INSERT INTO reviews (commenter_name, comment, rating, book_id)
VALUES ('Taras Threeko', 'Very important comment with good rating', 3, 12);
INSERT INTO reviews (commenter_name, comment, rating, book_id)
VALUES ('Bohdan Fourko', 'Very important comment with good rating', 5, 12);

INSERT INTO reviews (commenter_name, comment, rating, book_id)
VALUES ('Petro Oneko', 'Very important comment with good rating', 5, 13);
INSERT INTO reviews (commenter_name, comment, rating, book_id)
VALUES ('Ivan Twoko', 'Very important comment with good rating', 4, 13);
INSERT INTO reviews (commenter_name, comment, rating, book_id)
VALUES ('Taras Threeko', 'Very important comment with good rating', 3, 13);
INSERT INTO reviews (commenter_name, comment, rating, book_id)
VALUES ('Bohdan Fourko', 'Very important comment with good rating', 5, 13);

INSERT INTO reviews (commenter_name, comment, rating, book_id)
VALUES ('Petro Oneko', 'Very important comment with good rating', 5, 14);
INSERT INTO reviews (commenter_name, comment, rating, book_id)
VALUES ('Ivan Twoko', 'Very important comment with good rating', 4, 14);
INSERT INTO reviews (commenter_name, comment, rating, book_id)
VALUES ('Taras Threeko', 'Very important comment with good rating', 3, 14);
INSERT INTO reviews (commenter_name, comment, rating, book_id)
VALUES ('Bohdan Fourko', 'Very important comment with good rating', 5, 14);

INSERT INTO reviews (commenter_name, comment, rating, book_id)
VALUES ('Petro Oneko', 'Very important comment with good rating', 5, 15);
INSERT INTO reviews (commenter_name, comment, rating, book_id)
VALUES ('Ivan Twoko', 'Very important comment with good rating', 5, 15);
INSERT INTO reviews (commenter_name, comment, rating, book_id)
VALUES ('Taras Threeko', 'Very important comment with good rating', 3, 15);
INSERT INTO reviews (commenter_name, comment, rating, book_id)
VALUES ('Bohdan Fourko', 'Very important comment with good rating', 5, 15);

INSERT INTO reviews (commenter_name, comment, rating, book_id)
VALUES ('Petro Oneko', 'Very important comment with good rating', 5, 16);
INSERT INTO reviews (commenter_name, comment, rating, book_id)
VALUES ('Ivan Twoko', 'Very important comment with good rating', 4, 16);
INSERT INTO reviews (commenter_name, comment, rating, book_id)
VALUES ('Taras Threeko', 'Very important comment with good rating', 1, 16);

INSERT INTO reviews (commenter_name, comment, rating, book_id)
VALUES ('Ivan Twoko', 'Very important comment with good rating', 4, 17);
INSERT INTO reviews (commenter_name, comment, rating, book_id)
VALUES ('Taras Threeko', 'Very important comment with good rating', 5, 17);
INSERT INTO reviews (commenter_name, comment, rating, book_id)
VALUES ('Bohdan Fourko', 'Very important comment with good rating', 5, 17);

INSERT INTO reviews (commenter_name, comment, rating, book_id)
VALUES ('Petro Oneko', 'Very important comment with good rating', 5, 18);
INSERT INTO reviews (commenter_name, comment, rating, book_id)
VALUES ('Ivan Twoko', 'Very important comment with good rating', 1, 18);
INSERT INTO reviews (commenter_name, comment, rating, book_id)
VALUES ('Taras Threeko', 'Very important comment with good rating', 3, 18);
INSERT INTO reviews (commenter_name, comment, rating, book_id)
VALUES ('Bohdan Fourko', 'Very important comment with good rating', 4, 18);

INSERT INTO reviews (commenter_name, comment, rating, book_id)
VALUES ('Petro Oneko', 'Very important comment with good rating', 2, 19);
INSERT INTO reviews (commenter_name, comment, rating, book_id)
VALUES ('Ivan Twoko', 'Very important comment with good rating', 5, 19);
INSERT INTO reviews (commenter_name, comment, rating, book_id)
VALUES ('Taras Threeko', 'Very important comment with good rating', 1, 19);
INSERT INTO reviews (commenter_name, comment, rating, book_id)
VALUES ('Bohdan Fourko', 'Very important comment with good rating', 4, 19);

INSERT INTO reviews (commenter_name, comment, rating, book_id)
VALUES ('Petro Oneko', 'Very important comment with good rating', 5, 20);
INSERT INTO reviews (commenter_name, comment, rating, book_id)
VALUES ('Ivan Twoko', 'Very important comment with good rating', 4, 20);
INSERT INTO reviews (commenter_name, comment, rating, book_id)
VALUES ('Taras Threeko', 'Very important comment with good rating', 3, 20);
INSERT INTO reviews (commenter_name, comment, rating, book_id)
VALUES ('Bohdan Fourko', 'Very important comment with good rating', 5, 20);

INSERT INTO reviews (commenter_name, comment, rating, book_id)
VALUES ('Petro Oneko', 'Very important comment with good rating', 5, 21);
INSERT INTO reviews (commenter_name, comment, rating, book_id)
VALUES ('Ivan Twoko', 'Very important comment with good rating', 4, 21);
INSERT INTO reviews (commenter_name, comment, rating, book_id)
VALUES ('Taras Threeko', 'Very important comment with good rating', 3, 21);
INSERT INTO reviews (commenter_name, comment, rating, book_id)
VALUES ('Bohdan Fourko', 'Very important comment with good rating', 5, 21);

INSERT INTO reviews (commenter_name, comment, rating, book_id)
VALUES ('Petro Oneko', 'Very important comment with good rating', 5, 22);
INSERT INTO reviews (commenter_name, comment, rating, book_id)
VALUES ('Ivan Twoko', 'Very important comment with good rating', 4, 22);
INSERT INTO reviews (commenter_name, comment, rating, book_id)
VALUES ('Taras Threeko', 'Very important comment with good rating', 3, 22);
INSERT INTO reviews (commenter_name, comment, rating, book_id)
VALUES ('Bohdan Fourko', 'Very important comment with good rating', 5, 22);

INSERT INTO reviews (commenter_name, comment, rating, book_id)
VALUES ('Petro Oneko', 'Very important comment with good rating', 5, 23);
INSERT INTO reviews (commenter_name, comment, rating, book_id)
VALUES ('Ivan Twoko', 'Very important comment with good rating', 4, 23);
INSERT INTO reviews (commenter_name, comment, rating, book_id)
VALUES ('Taras Threeko', 'Very important comment with good rating', 3, 23);
INSERT INTO reviews (commenter_name, comment, rating, book_id)
VALUES ('Bohdan Fourko', 'Very important comment with good rating', 5, 23);

INSERT INTO reviews (commenter_name, comment, rating, book_id)
VALUES ('Petro Oneko', 'Very important comment with good rating', 5, 24);
INSERT INTO reviews (commenter_name, comment, rating, book_id)
VALUES ('Ivan Twoko', 'Very important comment with good rating', 4, 24);
INSERT INTO reviews (commenter_name, comment, rating, book_id)
VALUES ('Taras Threeko', 'Very important comment with good rating', 3, 24);
INSERT INTO reviews (commenter_name, comment, rating, book_id)
VALUES ('Bohdan Fourko', 'Very important comment with good rating', 5, 24);

INSERT INTO reviews (commenter_name, comment, rating, book_id)
VALUES ('Petro Oneko', 'Very important comment with good rating', 5, 25);
INSERT INTO reviews (commenter_name, comment, rating, book_id)
VALUES ('Ivan Twoko', 'Very important comment with good rating', 5, 25);
INSERT INTO reviews (commenter_name, comment, rating, book_id)
VALUES ('Taras Threeko', 'Very important comment with good rating', 3, 25);
INSERT INTO reviews (commenter_name, comment, rating, book_id)
VALUES ('Bohdan Fourko', 'Very important comment with good rating', 5, 25);

INSERT INTO reviews (commenter_name, comment, rating, book_id)
VALUES ('Petro Oneko', 'Very important comment with good rating', 5, 26);
INSERT INTO reviews (commenter_name, comment, rating, book_id)
VALUES ('Ivan Twoko', 'Very important comment with good rating', 4, 26);
INSERT INTO reviews (commenter_name, comment, rating, book_id)
VALUES ('Taras Threeko', 'Very important comment with good rating', 1, 26);

INSERT INTO reviews (commenter_name, comment, rating, book_id)
VALUES ('Ivan Twoko', 'Very important comment with good rating', 4, 27);
INSERT INTO reviews (commenter_name, comment, rating, book_id)
VALUES ('Taras Threeko', 'Very important comment with good rating', 5, 27);
INSERT INTO reviews (commenter_name, comment, rating, book_id)
VALUES ('Bohdan Fourko', 'Very important comment with good rating', 5, 27);

INSERT INTO reviews (commenter_name, comment, rating, book_id)
VALUES ('Petro Oneko', 'Very important comment with good rating', 5, 28);
INSERT INTO reviews (commenter_name, comment, rating, book_id)
VALUES ('Ivan Twoko', 'Very important comment with good rating', 1, 28);
INSERT INTO reviews (commenter_name, comment, rating, book_id)
VALUES ('Taras Threeko', 'Very important comment with good rating', 3, 28);
INSERT INTO reviews (commenter_name, comment, rating, book_id)
VALUES ('Bohdan Fourko', 'Very important comment with good rating', 4, 28);

INSERT INTO reviews (commenter_name, comment, rating, book_id)
VALUES ('Petro Oneko', 'Very important comment with good rating', 2, 29);
INSERT INTO reviews (commenter_name, comment, rating, book_id)
VALUES ('Ivan Twoko', 'Very important comment with good rating', 5, 29);
INSERT INTO reviews (commenter_name, comment, rating, book_id)
VALUES ('Taras Threeko', 'Very important comment with good rating', 1, 29);
INSERT INTO reviews (commenter_name, comment, rating, book_id)
VALUES ('Bohdan Fourko', 'Very important comment with good rating', 4, 29);

INSERT INTO reviews (commenter_name, comment, rating, book_id)
VALUES ('Petro Oneko', 'Very important comment with good rating', 5, 30);
INSERT INTO reviews (commenter_name, comment, rating, book_id)
VALUES ('Ivan Twoko', 'Very important comment with good rating', 4, 30);
INSERT INTO reviews (commenter_name, comment, rating, book_id)
VALUES ('Taras Threeko', 'Very important comment with good rating', 3, 30);
INSERT INTO reviews (commenter_name, comment, rating, book_id)
VALUES ('Bohdan Fourko', 'Very important comment with good rating', 5, 30);

INSERT INTO reviews (commenter_name, comment, rating, book_id)
VALUES ('Petro Oneko', 'Very important comment with good rating', 5, 31);
INSERT INTO reviews (commenter_name, comment, rating, book_id)
VALUES ('Ivan Twoko', 'Very important comment with good rating', 4, 31);
INSERT INTO reviews (commenter_name, comment, rating, book_id)
VALUES ('Taras Threeko', 'Very important comment with good rating', 3, 31);
INSERT INTO reviews (commenter_name, comment, rating, book_id)
VALUES ('Bohdan Fourko', 'Very important comment with good rating', 5, 31);

INSERT INTO reviews (commenter_name, comment, rating, book_id)
VALUES ('Petro Oneko', 'Very important comment with good rating', 5, 32);
INSERT INTO reviews (commenter_name, comment, rating, book_id)
VALUES ('Ivan Twoko', 'Very important comment with good rating', 4, 32);
INSERT INTO reviews (commenter_name, comment, rating, book_id)
VALUES ('Taras Threeko', 'Very important comment with good rating', 3, 32);
INSERT INTO reviews (commenter_name, comment, rating, book_id)
VALUES ('Bohdan Fourko', 'Very important comment with good rating', 5, 32);

INSERT INTO reviews (commenter_name, comment, rating, book_id)
VALUES ('Petro Oneko', 'Very important comment with good rating', 5, 33);
INSERT INTO reviews (commenter_name, comment, rating, book_id)
VALUES ('Ivan Twoko', 'Very important comment with good rating', 4, 33);
INSERT INTO reviews (commenter_name, comment, rating, book_id)
VALUES ('Taras Threeko', 'Very important comment with good rating', 3, 33);
INSERT INTO reviews (commenter_name, comment, rating, book_id)
VALUES ('Bohdan Fourko', 'Very important comment with good rating', 5, 33);

INSERT INTO reviews (commenter_name, comment, rating, book_id)
VALUES ('Petro Oneko', 'Very important comment with good rating', 5, 34);
INSERT INTO reviews (commenter_name, comment, rating, book_id)
VALUES ('Ivan Twoko', 'Very important comment with good rating', 4, 34);
INSERT INTO reviews (commenter_name, comment, rating, book_id)
VALUES ('Taras Threeko', 'Very important comment with good rating', 3, 34);
INSERT INTO reviews (commenter_name, comment, rating, book_id)
VALUES ('Bohdan Fourko', 'Very important comment with good rating', 5, 34);

INSERT INTO reviews (commenter_name, comment, rating, book_id)
VALUES ('Petro Oneko', 'Very important comment with good rating', 5, 35);
INSERT INTO reviews (commenter_name, comment, rating, book_id)
VALUES ('Ivan Twoko', 'Very important comment with good rating', 5, 35);
INSERT INTO reviews (commenter_name, comment, rating, book_id)
VALUES ('Taras Threeko', 'Very important comment with good rating', 3, 35);
INSERT INTO reviews (commenter_name, comment, rating, book_id)
VALUES ('Bohdan Fourko', 'Very important comment with good rating', 5, 35);

INSERT INTO reviews (commenter_name, comment, rating, book_id)
VALUES ('Petro Oneko', 'Very important comment with good rating', 5, 36);
INSERT INTO reviews (commenter_name, comment, rating, book_id)
VALUES ('Ivan Twoko', 'Very important comment with good rating', 4, 36);
INSERT INTO reviews (commenter_name, comment, rating, book_id)
VALUES ('Taras Threeko', 'Very important comment with good rating', 1, 36);

INSERT INTO reviews (commenter_name, comment, rating, book_id)
VALUES ('Ivan Twoko', 'Very important comment with good rating', 4, 37);
INSERT INTO reviews (commenter_name, comment, rating, book_id)
VALUES ('Taras Threeko', 'Very important comment with good rating', 5, 37);
INSERT INTO reviews (commenter_name, comment, rating, book_id)
VALUES ('Bohdan Fourko', 'Very important comment with good rating', 5, 37);

INSERT INTO reviews (commenter_name, comment, rating, book_id)
VALUES ('Petro Oneko', 'Very important comment with good rating', 5, 38);
INSERT INTO reviews (commenter_name, comment, rating, book_id)
VALUES ('Ivan Twoko', 'Very important comment with good rating', 1, 38);
INSERT INTO reviews (commenter_name, comment, rating, book_id)
VALUES ('Taras Threeko', 'Very important comment with good rating', 3, 38);
INSERT INTO reviews (commenter_name, comment, rating, book_id)
VALUES ('Bohdan Fourko', 'Very important comment with good rating', 4, 38);

INSERT INTO reviews (commenter_name, comment, rating, book_id)
VALUES ('Petro Oneko', 'Very important comment with good rating', 2, 39);
INSERT INTO reviews (commenter_name, comment, rating, book_id)
VALUES ('Ivan Twoko', 'Very important comment with good rating', 5, 39);
INSERT INTO reviews (commenter_name, comment, rating, book_id)
VALUES ('Taras Threeko', 'Very important comment with good rating', 1, 39);
INSERT INTO reviews (commenter_name, comment, rating, book_id)
VALUES ('Bohdan Fourko', 'Very important comment with good rating', 4, 39);

INSERT INTO reviews (commenter_name, comment, rating, book_id)
VALUES ('Petro Oneko', 'Very important comment with good rating', 5, 40);
INSERT INTO reviews (commenter_name, comment, rating, book_id)
VALUES ('Ivan Twoko', 'Very important comment with good rating', 4, 40);
INSERT INTO reviews (commenter_name, comment, rating, book_id)
VALUES ('Taras Threeko', 'Very important comment with good rating', 3, 40);
INSERT INTO reviews (commenter_name, comment, rating, book_id)
VALUES ('Bohdan Fourko', 'Very important comment with good rating', 5, 40);

INSERT INTO reviews (commenter_name, comment, rating, book_id)
VALUES ('Petro Oneko', 'Very important comment with good rating', 5, 41);
INSERT INTO reviews (commenter_name, comment, rating, book_id)
VALUES ('Ivan Twoko', 'Very important comment with good rating', 4, 41);
INSERT INTO reviews (commenter_name, comment, rating, book_id)
VALUES ('Taras Threeko', 'Very important comment with good rating', 3, 41);
INSERT INTO reviews (commenter_name, comment, rating, book_id)
VALUES ('Bohdan Fourko', 'Very important comment with good rating', 5, 41);

INSERT INTO reviews (commenter_name, comment, rating, book_id)
VALUES ('Petro Oneko', 'Very important comment with good rating', 5, 42);
INSERT INTO reviews (commenter_name, comment, rating, book_id)
VALUES ('Ivan Twoko', 'Very important comment with good rating', 4, 42);
INSERT INTO reviews (commenter_name, comment, rating, book_id)
VALUES ('Taras Threeko', 'Very important comment with good rating', 3, 42);
INSERT INTO reviews (commenter_name, comment, rating, book_id)
VALUES ('Bohdan Fourko', 'Very important comment with good rating', 5, 42);

INSERT INTO reviews (commenter_name, comment, rating, book_id)
VALUES ('Petro Oneko', 'Very important comment with good rating', 5, 43);
INSERT INTO reviews (commenter_name, comment, rating, book_id)
VALUES ('Ivan Twoko', 'Very important comment with good rating', 4, 43);
INSERT INTO reviews (commenter_name, comment, rating, book_id)
VALUES ('Taras Threeko', 'Very important comment with good rating', 3, 43);
INSERT INTO reviews (commenter_name, comment, rating, book_id)
VALUES ('Bohdan Fourko', 'Very important comment with good rating', 5, 43);

INSERT INTO reviews (commenter_name, comment, rating, book_id)
VALUES ('Petro Oneko', 'Very important comment with good rating', 5, 44);
INSERT INTO reviews (commenter_name, comment, rating, book_id)
VALUES ('Ivan Twoko', 'Very important comment with good rating', 4, 44);
INSERT INTO reviews (commenter_name, comment, rating, book_id)
VALUES ('Taras Threeko', 'Very important comment with good rating', 3, 44);
INSERT INTO reviews (commenter_name, comment, rating, book_id)
VALUES ('Bohdan Fourko', 'Very important comment with good rating', 5, 44);

INSERT INTO reviews (commenter_name, comment, rating, book_id)
VALUES ('Petro Oneko', 'Very important comment with good rating', 5, 45);
INSERT INTO reviews (commenter_name, comment, rating, book_id)
VALUES ('Ivan Twoko', 'Very important comment with good rating', 5, 45);
INSERT INTO reviews (commenter_name, comment, rating, book_id)
VALUES ('Taras Threeko', 'Very important comment with good rating', 3, 45);
INSERT INTO reviews (commenter_name, comment, rating, book_id)
VALUES ('Bohdan Fourko', 'Very important comment with good rating', 5, 45);

INSERT INTO reviews (commenter_name, comment, rating, book_id)
VALUES ('Petro Oneko', 'Very important comment with good rating', 5, 46);
INSERT INTO reviews (commenter_name, comment, rating, book_id)
VALUES ('Ivan Twoko', 'Very important comment with good rating', 4, 46);
INSERT INTO reviews (commenter_name, comment, rating, book_id)
VALUES ('Taras Threeko', 'Very important comment with good rating', 1, 46);

INSERT INTO reviews (commenter_name, comment, rating, book_id)
VALUES ('Ivan Twoko', 'Very important comment with good rating', 4, 47);
INSERT INTO reviews (commenter_name, comment, rating, book_id)
VALUES ('Taras Threeko', 'Very important comment with good rating', 5, 47);
INSERT INTO reviews (commenter_name, comment, rating, book_id)
VALUES ('Bohdan Fourko', 'Very important comment with good rating', 5, 47);